gsm,patient,timepoint,mirna_names,expression
GSM1688368,A,1,"['hsa-miR-507' 'hsa-miR-548d-5p' 'hsa-miR-1976' ... 'hsa-miR-1289'
 'hsa-miR-1288' 'hsa-miR-105']",[1.8549791  2.18418234 2.5322964  ... 1.41000193 3.72745529 1.37007761]
GSM1688369,A,2,"['hsa-miR-507' 'hsa-miR-548d-5p' 'hsa-miR-1976' ... 'hsa-miR-1289'
 'hsa-miR-1288' 'hsa-miR-105']",[1.46976308 2.32024404 2.11188909 ... 1.4279172  2.45035886 1.35776645]
GSM1688370,A,3,"['hsa-miR-507' 'hsa-miR-548d-5p' 'hsa-miR-1976' ... 'hsa-miR-1289'
 'hsa-miR-1288' 'hsa-miR-105']",[1.44937518 2.51028473 2.08350828 ... 1.12366167 2.571076   1.06683767]
GSM1688371,A,4,"['hsa-miR-507' 'hsa-miR-548d-5p' 'hsa-miR-1976' ... 'hsa-miR-1289'
 'hsa-miR-1288' 'hsa-miR-105']",[1.77752246 2.72467863 3.01272161 ... 1.14046074 3.3103833  1.44359186]
GSM1688372,A,5,"['hsa-miR-507' 'hsa-miR-548d-5p' 'hsa-miR-1976' ... 'hsa-miR-1289'
 'hsa-miR-1288' 'hsa-miR-105']",[1.53821818 2.03050997 2.47037491 ... 1.23484084 2.51854696 1.48670735]
GSM1688373,A,6,"['hsa-miR-507' 'hsa-miR-548d-5p' 'hsa-miR-1976' ... 'hsa-miR-1289'
 'hsa-miR-1288' 'hsa-miR-105']",[1.64734521 2.4875301  3.8446761  ... 1.13494129 2.60608183 2.06830063]
GSM1688374,A,7,"['hsa-miR-507' 'hsa-miR-548d-5p' 'hsa-miR-1976' ... 'hsa-miR-1289'
 'hsa-miR-1288' 'hsa-miR-105']",[1.74201782 2.38496865 2.05434445 ... 1.61713809 2.75040914 1.11795417]
GSM1688375,A,8,"['hsa-miR-507' 'hsa-miR-548d-5p' 'hsa-miR-1976' ... 'hsa-miR-1289'
 'hsa-miR-1288' 'hsa-miR-105']",[1.57659484 2.43232992 2.26110932 ... 1.29523637 3.2578999  1.01839029]
GSM1688376,B,1,"['hsa-miR-507' 'hsa-miR-548d-5p' 'hsa-miR-1976' ... 'hsa-miR-1289'
 'hsa-miR-1288' 'hsa-miR-105']",[1.6280877  3.07423226 2.07004274 ... 1.42195372 3.14702341 1.02948369]
GSM1688377,B,2,"['hsa-miR-507' 'hsa-miR-548d-5p' 'hsa-miR-1976' ... 'hsa-miR-1289'
 'hsa-miR-1288' 'hsa-miR-105']",[1.56037848 2.27997045 2.99693482 ... 0.99237648 2.61796971 1.69502608]
GSM1688378,B,3,"['hsa-miR-507' 'hsa-miR-548d-5p' 'hsa-miR-1976' ... 'hsa-miR-1289'
 'hsa-miR-1288' 'hsa-miR-105']",[1.39178338 2.27623984 2.11322285 ... 1.12688964 3.24421599 1.14952997]
GSM1688379,B,4,"['hsa-miR-507' 'hsa-miR-548d-5p' 'hsa-miR-1976' ... 'hsa-miR-1289'
 'hsa-miR-1288' 'hsa-miR-105']",[1.20158871 2.46520689 2.26320502 ... 1.56859187 3.30560433 1.14025868]
GSM1688380,B,5,"['hsa-miR-507' 'hsa-miR-548d-5p' 'hsa-miR-1976' ... 'hsa-miR-1289'
 'hsa-miR-1288' 'hsa-miR-105']",[1.71413746 2.34733209 2.36825414 ... 1.28182973 3.36314609 1.24505397]
GSM1688381,B,6,"['hsa-miR-507' 'hsa-miR-548d-5p' 'hsa-miR-1976' ... 'hsa-miR-1289'
 'hsa-miR-1288' 'hsa-miR-105']",[1.5782506  2.09555488 2.11322285 ... 1.55329896 3.06662193 1.09695111]
GSM1688382,B,7,"['hsa-miR-507' 'hsa-miR-548d-5p' 'hsa-miR-1976' ... 'hsa-miR-1289'
 'hsa-miR-1288' 'hsa-miR-105']",[1.45558875 2.51249782 2.90136625 ... 0.98656966 2.57814345 1.65107759]
GSM1688383,B,8,"['hsa-miR-507' 'hsa-miR-548d-5p' 'hsa-miR-1976' ... 'hsa-miR-1289'
 'hsa-miR-1288' 'hsa-miR-105']",[1.90285692 2.84854021 2.19536351 ... 1.23563603 2.98054347 1.32339247]
GSM1688384,C,1,"['hsa-miR-507' 'hsa-miR-548d-5p' 'hsa-miR-1976' ... 'hsa-miR-1289'
 'hsa-miR-1288' 'hsa-miR-105']",[1.61209204 2.51429756 2.40605279 ... 1.50121005 2.12794932 1.39913412]
GSM1688385,C,2,"['hsa-miR-507' 'hsa-miR-548d-5p' 'hsa-miR-1976' ... 'hsa-miR-1289'
 'hsa-miR-1288' 'hsa-miR-105']",[1.30237541 2.14356104 2.00470492 ... 1.33211136 2.42876044 1.29658263]
GSM1688386,C,3,"['hsa-miR-507' 'hsa-miR-548d-5p' 'hsa-miR-1976' ... 'hsa-miR-1289'
 'hsa-miR-1288' 'hsa-miR-105']",[1.94354924 2.06044123 4.11675303 ... 1.31226171 3.61479178 2.17690665]
GSM1688387,C,4,"['hsa-miR-507' 'hsa-miR-548d-5p' 'hsa-miR-1976' ... 'hsa-miR-1289'
 'hsa-miR-1288' 'hsa-miR-105']",[1.46921786 2.3787324  2.25753436 ... 1.44690418 3.21280656 1.09349645]
GSM1688388,C,5,"['hsa-miR-507' 'hsa-miR-548d-5p' 'hsa-miR-1976' ... 'hsa-miR-1289'
 'hsa-miR-1288' 'hsa-miR-105']",[1.73397005 2.27086558 2.47068593 ... 1.26645135 3.07292531 1.35599351]
GSM1688389,C,6,"['hsa-miR-507' 'hsa-miR-548d-5p' 'hsa-miR-1976' ... 'hsa-miR-1289'
 'hsa-miR-1288' 'hsa-miR-105']",[1.61209204 2.36719599 2.45866386 ... 1.49154867 2.45318796 1.143282  ]
GSM1688390,C,7,"['hsa-miR-507' 'hsa-miR-548d-5p' 'hsa-miR-1976' ... 'hsa-miR-1289'
 'hsa-miR-1288' 'hsa-miR-105']",[1.71472349 2.23366647 2.40254123 ... 1.40336562 2.56899952 1.37673403]
GSM1688391,C,8,"['hsa-miR-507' 'hsa-miR-548d-5p' 'hsa-miR-1976' ... 'hsa-miR-1289'
 'hsa-miR-1288' 'hsa-miR-105']",[1.84346137 2.44804436 2.97666452 ... 1.09249796 2.72104411 1.9858878 ]
GSM1688392,D,1,"['hsa-miR-507' 'hsa-miR-548d-5p' 'hsa-miR-1976' ... 'hsa-miR-1289'
 'hsa-miR-1288' 'hsa-miR-105']",[1.66784585 2.4295492  2.17066682 ... 1.24535902 3.10999567 0.96471419]
GSM1688393,D,2,"['hsa-miR-507' 'hsa-miR-548d-5p' 'hsa-miR-1976' ... 'hsa-miR-1289'
 'hsa-miR-1288' 'hsa-miR-105']",[1.57058079 2.16700524 2.3053811  ... 1.31758034 3.18153078 1.49529201]
GSM1688394,D,3,"['hsa-miR-507' 'hsa-miR-548d-5p' 'hsa-miR-1976' ... 'hsa-miR-1289'
 'hsa-miR-1288' 'hsa-miR-105']",[1.7329251  2.06141291 3.8908394  ... 1.34832691 3.67377956 1.67527603]
GSM1688395,D,4,"['hsa-miR-507' 'hsa-miR-548d-5p' 'hsa-miR-1976' ... 'hsa-miR-1289'
 'hsa-miR-1288' 'hsa-miR-105']",[1.7329251  2.42079331 3.00220879 ... 1.30081197 3.17504796 1.43199645]
GSM1688396,D,5,"['hsa-miR-507' 'hsa-miR-548d-5p' 'hsa-miR-1976' ... 'hsa-miR-1289'
 'hsa-miR-1288' 'hsa-miR-105']",[1.74891028 2.18177648 2.48439216 ... 1.4743869  2.97440811 1.16586957]
GSM1688397,D,6,"['hsa-miR-507' 'hsa-miR-548d-5p' 'hsa-miR-1976' ... 'hsa-miR-1289'
 'hsa-miR-1288' 'hsa-miR-105']",[1.66207931 2.44939323 1.96671862 ... 1.19205505 2.54007069 0.96654104]
GSM1688398,D,7,"['hsa-miR-507' 'hsa-miR-548d-5p' 'hsa-miR-1976' ... 'hsa-miR-1289'
 'hsa-miR-1288' 'hsa-miR-105']",[1.65047677 2.40671434 2.32053351 ... 1.32036094 3.16310141 1.40061001]
GSM1688399,D,8,"['hsa-miR-507' 'hsa-miR-548d-5p' 'hsa-miR-1976' ... 'hsa-miR-1289'
 'hsa-miR-1288' 'hsa-miR-105']",[1.68931915 3.07187763 3.0118911  ... 1.51385879 2.96108407 1.88626965]
GSM1688400,E,1,"['hsa-miR-507' 'hsa-miR-548d-5p' 'hsa-miR-1976' ... 'hsa-miR-1289'
 'hsa-miR-1288' 'hsa-miR-105']",[1.63005461 2.4374989  2.88503778 ... 1.24570382 2.4650137  1.35993545]
GSM1688401,E,2,"['hsa-miR-507' 'hsa-miR-548d-5p' 'hsa-miR-1976' ... 'hsa-miR-1289'
 'hsa-miR-1288' 'hsa-miR-105']",[1.15944293 2.39409803 1.80950331 ... 1.2801965  3.16950773 0.80232289]
GSM1688402,E,3,"['hsa-miR-507' 'hsa-miR-548d-5p' 'hsa-miR-1976' ... 'hsa-miR-1289'
 'hsa-miR-1288' 'hsa-miR-105']",[1.64045261 2.24555723 2.62271448 ... 0.85671085 2.93217526 1.63668851]
GSM1688403,E,4,"['hsa-miR-507' 'hsa-miR-548d-5p' 'hsa-miR-1976' ... 'hsa-miR-1289'
 'hsa-miR-1288' 'hsa-miR-105']",[2.25486802 3.06521685 2.16959957 ... 1.30711523 2.70858168 1.67243676]
GSM1688404,E,5,"['hsa-miR-507' 'hsa-miR-548d-5p' 'hsa-miR-1976' ... 'hsa-miR-1289'
 'hsa-miR-1288' 'hsa-miR-105']",[1.35450399 2.06137629 2.21315463 ... 1.54184508 2.25579129 1.20667814]
GSM1688405,E,6,"['hsa-miR-507' 'hsa-miR-548d-5p' 'hsa-miR-1976' ... 'hsa-miR-1289'
 'hsa-miR-1288' 'hsa-miR-105']",[1.17161079 2.31178816 2.20050207 ... 1.34462839 2.3472914  1.4057982 ]
GSM1688406,E,7,"['hsa-miR-507' 'hsa-miR-548d-5p' 'hsa-miR-1976' ... 'hsa-miR-1289'
 'hsa-miR-1288' 'hsa-miR-105']",[1.69729958 2.52855882 2.3170018  ... 1.73547708 2.19212299 1.2858116 ]
GSM1688407,E,8,"['hsa-miR-507' 'hsa-miR-548d-5p' 'hsa-miR-1976' ... 'hsa-miR-1289'
 'hsa-miR-1288' 'hsa-miR-105']",[1.3085211  2.08244769 1.9478267  ... 1.03341309 3.67032982 1.4057982 ]
GSM1688408,F,1,"['hsa-miR-507' 'hsa-miR-548d-5p' 'hsa-miR-1976' ... 'hsa-miR-1289'
 'hsa-miR-1288' 'hsa-miR-105']",[1.57406796 2.86924437 2.11962926 ... 0.90501037 3.30334904 1.05720906]
GSM1688409,F,2,"['hsa-miR-507' 'hsa-miR-548d-5p' 'hsa-miR-1976' ... 'hsa-miR-1289'
 'hsa-miR-1288' 'hsa-miR-105']",[1.62551255 2.13803757 2.68105565 ... 1.25201359 2.74536578 1.5489278 ]
GSM1688410,F,3,"['hsa-miR-507' 'hsa-miR-548d-5p' 'hsa-miR-1976' ... 'hsa-miR-1289'
 'hsa-miR-1288' 'hsa-miR-105']",[1.4070098  2.08314008 1.93365869 ... 1.30168789 3.48485974 1.04427272]
GSM1688411,F,4,"['hsa-miR-507' 'hsa-miR-548d-5p' 'hsa-miR-1976' ... 'hsa-miR-1289'
 'hsa-miR-1288' 'hsa-miR-105']",[1.81375442 2.07011173 2.39175928 ... 1.54825084 2.39804108 1.37064797]
GSM1688412,F,5,"['hsa-miR-507' 'hsa-miR-548d-5p' 'hsa-miR-1976' ... 'hsa-miR-1289'
 'hsa-miR-1288' 'hsa-miR-105']",[1.5966059  2.1569042  2.3807627  ... 1.27385916 3.75345245 1.14132219]
GSM1688413,F,6,"['hsa-miR-507' 'hsa-miR-548d-5p' 'hsa-miR-1976' ... 'hsa-miR-1289'
 'hsa-miR-1288' 'hsa-miR-105']",[1.94215881 1.88084826 2.15449166 ... 0.89894677 2.98062038 0.92566539]
GSM1688414,F,7,"['hsa-miR-507' 'hsa-miR-548d-5p' 'hsa-miR-1976' ... 'hsa-miR-1289'
 'hsa-miR-1288' 'hsa-miR-105']",[1.7922193  2.01001395 2.16340878 ... 1.65810631 3.71248121 1.15897271]
GSM1688415,F,8,"['hsa-miR-507' 'hsa-miR-548d-5p' 'hsa-miR-1976' ... 'hsa-miR-1289'
 'hsa-miR-1288' 'hsa-miR-105']",[1.70385334 2.02498703 2.20430355 ... 1.25788474 3.72508956 1.24737073]
GSM1688416,G,1,"['hsa-miR-507' 'hsa-miR-548d-5p' 'hsa-miR-1976' ... 'hsa-miR-1289'
 'hsa-miR-1288' 'hsa-miR-105']",[1.45323036 2.45812669 2.61778371 ... 1.11126903 2.65012106 1.32023296]
GSM1688417,G,2,"['hsa-miR-507' 'hsa-miR-548d-5p' 'hsa-miR-1976' ... 'hsa-miR-1289'
 'hsa-miR-1288' 'hsa-miR-105']",[1.56257216 2.29061409 3.2431331  ... 1.45060017 2.54732487 1.43156158]
GSM1688418,G,3,"['hsa-miR-507' 'hsa-miR-548d-5p' 'hsa-miR-1976' ... 'hsa-miR-1289'
 'hsa-miR-1288' 'hsa-miR-105']",[2.04889725 2.29852293 3.18412374 ... 1.38119047 2.54732487 1.43837495]
GSM1688419,G,4,"['hsa-miR-507' 'hsa-miR-548d-5p' 'hsa-miR-1976' ... 'hsa-miR-1289'
 'hsa-miR-1288' 'hsa-miR-105']",[1.74503476 2.47222487 2.70045703 ... 1.09742633 2.77749575 1.3960742 ]
GSM1688420,G,5,"['hsa-miR-507' 'hsa-miR-548d-5p' 'hsa-miR-1976' ... 'hsa-miR-1289'
 'hsa-miR-1288' 'hsa-miR-105']",[1.27830266 2.35328202 2.34150225 ... 1.15278898 3.09843797 2.00415132]
GSM1688421,G,6,"['hsa-miR-507' 'hsa-miR-548d-5p' 'hsa-miR-1976' ... 'hsa-miR-1289'
 'hsa-miR-1288' 'hsa-miR-105']",[1.37858855 2.60923935 2.26958044 ... 1.10741825 2.4671039  0.76453484]
GSM1688422,G,7,"['hsa-miR-507' 'hsa-miR-548d-5p' 'hsa-miR-1976' ... 'hsa-miR-1289'
 'hsa-miR-1288' 'hsa-miR-105']",[1.98456761 3.09393825 2.64956427 ... 1.42743363 2.49302091 1.39369288]
GSM1688423,G,8,"['hsa-miR-507' 'hsa-miR-548d-5p' 'hsa-miR-1976' ... 'hsa-miR-1289'
 'hsa-miR-1288' 'hsa-miR-105']",[1.6386594  2.50292994 2.89019278 ... 1.64288317 3.36029635 1.55479748]
GSM1688424,H,1,"['hsa-miR-507' 'hsa-miR-548d-5p' 'hsa-miR-1976' ... 'hsa-miR-1289'
 'hsa-miR-1288' 'hsa-miR-105']",[2.08786023 2.33508027 4.40027809 ... 1.36790234 2.9392123  2.13498495]
GSM1688425,H,2,"['hsa-miR-507' 'hsa-miR-548d-5p' 'hsa-miR-1976' ... 'hsa-miR-1289'
 'hsa-miR-1288' 'hsa-miR-105']",[1.41315945 3.04390582 2.17774812 ... 1.3622184  2.35060021 1.14859141]
GSM1688426,H,3,"['hsa-miR-507' 'hsa-miR-548d-5p' 'hsa-miR-1976' ... 'hsa-miR-1289'
 'hsa-miR-1288' 'hsa-miR-105']",[1.58933981 2.33106907 2.08656787 ... 1.00678548 2.43085603 1.33735644]
GSM1688427,H,4,"['hsa-miR-507' 'hsa-miR-548d-5p' 'hsa-miR-1976' ... 'hsa-miR-1289'
 'hsa-miR-1288' 'hsa-miR-105']",[1.8696117  2.14300895 2.35069151 ... 1.43122827 2.91034133 1.32595905]
GSM1688428,H,5,"['hsa-miR-507' 'hsa-miR-548d-5p' 'hsa-miR-1976' ... 'hsa-miR-1289'
 'hsa-miR-1288' 'hsa-miR-105']",[1.53851058 2.42013995 2.4393177  ... 1.41481738 2.70840534 1.74081391]
GSM1688429,H,6,"['hsa-miR-507' 'hsa-miR-548d-5p' 'hsa-miR-1976' ... 'hsa-miR-1289'
 'hsa-miR-1288' 'hsa-miR-105']",[1.82588562 2.21803142 2.21758376 ... 1.62246469 2.2935886  1.33152518]
GSM1688430,H,7,"['hsa-miR-507' 'hsa-miR-548d-5p' 'hsa-miR-1976' ... 'hsa-miR-1289'
 'hsa-miR-1288' 'hsa-miR-105']",[1.53641464 2.19850043 1.69081005 ... 1.35905897 3.32710697 1.15349688]
GSM1688431,I,1,"['hsa-miR-507' 'hsa-miR-548d-5p' 'hsa-miR-1976' ... 'hsa-miR-1289'
 'hsa-miR-1288' 'hsa-miR-105']",[1.75318272 2.66050878 3.20881505 ... 1.25348533 2.99644844 1.10654922]
GSM1688432,I,2,"['hsa-miR-507' 'hsa-miR-548d-5p' 'hsa-miR-1976' ... 'hsa-miR-1289'
 'hsa-miR-1288' 'hsa-miR-105']",[1.41734418 2.21393249 2.44008804 ... 1.44334684 2.29774549 1.01530618]
GSM1688433,I,3,"['hsa-miR-507' 'hsa-miR-548d-5p' 'hsa-miR-1976' ... 'hsa-miR-1289'
 'hsa-miR-1288' 'hsa-miR-105']",[1.64056222 2.4316313  2.31928521 ... 1.27036302 2.68329288 0.67439667]
GSM1688434,I,4,"['hsa-miR-507' 'hsa-miR-548d-5p' 'hsa-miR-1976' ... 'hsa-miR-1289'
 'hsa-miR-1288' 'hsa-miR-105']",[1.90811717 2.51521876 3.46971712 ... 1.49790107 3.12901409 1.74826054]
GSM1688435,I,5,"['hsa-miR-507' 'hsa-miR-548d-5p' 'hsa-miR-1976' ... 'hsa-miR-1289'
 'hsa-miR-1288' 'hsa-miR-105']",[1.09125015 2.43732442 2.30914065 ... 1.3989692  2.28891554 1.27556781]
GSM1688436,I,6,"['hsa-miR-507' 'hsa-miR-548d-5p' 'hsa-miR-1976' ... 'hsa-miR-1289'
 'hsa-miR-1288' 'hsa-miR-105']",[2.11705316 2.75526021 2.6559321  ... 1.32654843 2.7182927  1.09510281]
GSM1688437,I,7,"['hsa-miR-507' 'hsa-miR-548d-5p' 'hsa-miR-1976' ... 'hsa-miR-1289'
 'hsa-miR-1288' 'hsa-miR-105']",[1.78770584 2.78472534 2.92230129 ... 0.73675888 3.28246817 1.42756945]
GSM1688438,I,8,"['hsa-miR-507' 'hsa-miR-548d-5p' 'hsa-miR-1976' ... 'hsa-miR-1289'
 'hsa-miR-1288' 'hsa-miR-105']",[1.79133253 2.37955267 2.42460807 ... 0.88411941 3.59689275 1.52695505]
GSM1688439,J,1,"['hsa-miR-507' 'hsa-miR-548d-5p' 'hsa-miR-1976' ... 'hsa-miR-1289'
 'hsa-miR-1288' 'hsa-miR-105']",[1.27514731 2.37044907 2.01477977 ... 1.00088064 3.14150534 1.22770526]
GSM1688440,J,2,"['hsa-miR-507' 'hsa-miR-548d-5p' 'hsa-miR-1976' ... 'hsa-miR-1289'
 'hsa-miR-1288' 'hsa-miR-105']",[1.4819     2.44065341 1.90027977 ... 1.32283598 2.60949651 1.28443573]
GSM1688441,J,3,"['hsa-miR-507' 'hsa-miR-548d-5p' 'hsa-miR-1976' ... 'hsa-miR-1289'
 'hsa-miR-1288' 'hsa-miR-105']",[1.42285441 2.34255635 2.07879382 ... 1.49165688 2.58965382 1.48037738]
GSM1688442,J,4,"['hsa-miR-507' 'hsa-miR-548d-5p' 'hsa-miR-1976' ... 'hsa-miR-1289'
 'hsa-miR-1288' 'hsa-miR-105']",[1.63257085 1.92150884 2.13118701 ... 0.95578653 3.34069785 1.65299167]
GSM1688443,J,5,"['hsa-miR-507' 'hsa-miR-548d-5p' 'hsa-miR-1976' ... 'hsa-miR-1289'
 'hsa-miR-1288' 'hsa-miR-105']",[1.44952486 2.3085445  2.81016101 ... 1.55435274 3.66520343 1.47384328]
GSM1688444,J,6,"['hsa-miR-507' 'hsa-miR-548d-5p' 'hsa-miR-1976' ... 'hsa-miR-1289'
 'hsa-miR-1288' 'hsa-miR-105']",[1.49770275 2.13990859 2.14118028 ... 1.32283598 3.25374087 1.37230404]
GSM1688445,J,7,"['hsa-miR-507' 'hsa-miR-548d-5p' 'hsa-miR-1976' ... 'hsa-miR-1289'
 'hsa-miR-1288' 'hsa-miR-105']",[1.68059724 2.4351156  2.03203897 ... 1.35299621 2.93544897 1.33459742]
GSM1688446,J,8,"['hsa-miR-507' 'hsa-miR-548d-5p' 'hsa-miR-1976' ... 'hsa-miR-1289'
 'hsa-miR-1288' 'hsa-miR-105']",[1.67297839 2.4837515  1.9112066  ... 1.27839177 3.74173466 1.69871025]
GSM1688447,K,1,"['hsa-miR-507' 'hsa-miR-548d-5p' 'hsa-miR-1976' ... 'hsa-miR-1289'
 'hsa-miR-1288' 'hsa-miR-105']",[1.50830155 2.35392126 2.95706011 ... 1.50795783 3.24783071 1.03422802]
GSM1688448,K,2,"['hsa-miR-507' 'hsa-miR-548d-5p' 'hsa-miR-1976' ... 'hsa-miR-1289'
 'hsa-miR-1288' 'hsa-miR-105']",[1.42091562 2.13512059 2.38729785 ... 1.39567832 3.07876266 1.31073905]
GSM1688449,K,3,"['hsa-miR-507' 'hsa-miR-548d-5p' 'hsa-miR-1976' ... 'hsa-miR-1289'
 'hsa-miR-1288' 'hsa-miR-105']",[1.63147664 2.10595422 2.51751423 ... 0.99592797 2.41545607 1.37914118]
GSM1688450,K,4,"['hsa-miR-507' 'hsa-miR-548d-5p' 'hsa-miR-1976' ... 'hsa-miR-1289'
 'hsa-miR-1288' 'hsa-miR-105']",[1.90991088 2.33010677 2.19540559 ... 1.50634428 3.31206094 1.40323001]
GSM1688451,K,5,"['hsa-miR-507' 'hsa-miR-548d-5p' 'hsa-miR-1976' ... 'hsa-miR-1289'
 'hsa-miR-1288' 'hsa-miR-105']",[1.62070563 2.51004544 2.34564158 ... 1.43046411 2.35028239 1.16000696]
GSM1688452,K,6,"['hsa-miR-507' 'hsa-miR-548d-5p' 'hsa-miR-1976' ... 'hsa-miR-1289'
 'hsa-miR-1288' 'hsa-miR-105']",[1.69856056 2.27477757 2.48120423 ... 1.36822965 2.42303704 1.41630136]
GSM1688453,K,7,"['hsa-miR-507' 'hsa-miR-548d-5p' 'hsa-miR-1976' ... 'hsa-miR-1289'
 'hsa-miR-1288' 'hsa-miR-105']",[1.90413135 2.51495933 3.23857095 ... 1.50973976 2.92980168 1.29603523]
GSM1688454,K,8,"['hsa-miR-507' 'hsa-miR-548d-5p' 'hsa-miR-1976' ... 'hsa-miR-1289'
 'hsa-miR-1288' 'hsa-miR-105']",[1.8174443  2.33010677 2.73149845 ... 0.76026447 3.23004813 1.45211133]
GSM1688455,L,1,"['hsa-miR-507' 'hsa-miR-548d-5p' 'hsa-miR-1976' ... 'hsa-miR-1289'
 'hsa-miR-1288' 'hsa-miR-105']",[1.85248821 2.3467075  2.2870148  ... 1.37349297 2.48770775 1.19090628]
GSM1688456,L,2,"['hsa-miR-507' 'hsa-miR-548d-5p' 'hsa-miR-1976' ... 'hsa-miR-1289'
 'hsa-miR-1288' 'hsa-miR-105']",[2.08780058 2.68588327 4.04533792 ... 1.61447656 2.76928168 1.9543525 ]
GSM1688457,L,3,"['hsa-miR-507' 'hsa-miR-548d-5p' 'hsa-miR-1976' ... 'hsa-miR-1289'
 'hsa-miR-1288' 'hsa-miR-105']",[1.52043693 2.08593372 2.27772392 ... 1.39160902 3.18129748 1.25954666]
GSM1688458,L,4,"['hsa-miR-507' 'hsa-miR-548d-5p' 'hsa-miR-1976' ... 'hsa-miR-1289'
 'hsa-miR-1288' 'hsa-miR-105']",[1.76574729 2.15748308 2.12002448 ... 1.16023536 3.16826932 1.55740795]
GSM1688459,L,5,"['hsa-miR-507' 'hsa-miR-548d-5p' 'hsa-miR-1976' ... 'hsa-miR-1289'
 'hsa-miR-1288' 'hsa-miR-105']",[1.68884898 2.8818026  2.97882279 ... 1.53995359 2.48440685 1.38724766]
GSM1688460,L,6,"['hsa-miR-507' 'hsa-miR-548d-5p' 'hsa-miR-1976' ... 'hsa-miR-1289'
 'hsa-miR-1288' 'hsa-miR-105']",[1.63568733 2.14673841 2.13018936 ... 1.25644935 2.90470772 1.18697162]
GSM1688461,L,7,"['hsa-miR-507' 'hsa-miR-548d-5p' 'hsa-miR-1976' ... 'hsa-miR-1289'
 'hsa-miR-1288' 'hsa-miR-105']",[1.59400834 1.99037306 2.08651468 ... 1.21580106 2.36722225 0.82402211]
GSM1688462,L,8,"['hsa-miR-507' 'hsa-miR-548d-5p' 'hsa-miR-1976' ... 'hsa-miR-1289'
 'hsa-miR-1288' 'hsa-miR-105']",[1.76574729 2.43270467 2.72151567 ... 1.37180008 3.57394294 1.44226836]
GSM1688463,M,1,"['hsa-miR-507' 'hsa-miR-548d-5p' 'hsa-miR-1976' ... 'hsa-miR-1289'
 'hsa-miR-1288' 'hsa-miR-105']",[1.34521672 2.47326955 2.56785142 ... 1.01117856 3.28370405 1.48499578]
GSM1688464,M,2,"['hsa-miR-507' 'hsa-miR-548d-5p' 'hsa-miR-1976' ... 'hsa-miR-1289'
 'hsa-miR-1288' 'hsa-miR-105']",[1.62354906 2.14665611 1.95256467 ... 1.2053922  3.31206094 1.33446632]
GSM1688465,M,3,"['hsa-miR-507' 'hsa-miR-548d-5p' 'hsa-miR-1976' ... 'hsa-miR-1289'
 'hsa-miR-1288' 'hsa-miR-105']",[1.45526616 3.10774407 2.12497124 ... 1.35860427 3.00493342 1.12624427]
GSM1688466,M,4,"['hsa-miR-507' 'hsa-miR-548d-5p' 'hsa-miR-1976' ... 'hsa-miR-1289'
 'hsa-miR-1288' 'hsa-miR-105']",[1.86034159 2.25786297 2.58204301 ... 1.09237922 3.26482009 1.22086863]
GSM1688467,M,5,"['hsa-miR-507' 'hsa-miR-548d-5p' 'hsa-miR-1976' ... 'hsa-miR-1289'
 'hsa-miR-1288' 'hsa-miR-105']",[1.59996153 2.07746773 2.53713465 ... 1.45383373 3.59854947 0.69264964]
GSM1688468,M,6,"['hsa-miR-507' 'hsa-miR-548d-5p' 'hsa-miR-1976' ... 'hsa-miR-1289'
 'hsa-miR-1288' 'hsa-miR-105']",[1.10725739 1.99400771 1.8420913  ... 1.46948016 2.63790378 0.77329432]
GSM1688469,M,7,"['hsa-miR-507' 'hsa-miR-548d-5p' 'hsa-miR-1976' ... 'hsa-miR-1289'
 'hsa-miR-1288' 'hsa-miR-105']",[1.49690485 2.06719358 2.28075961 ... 1.39178922 3.35395245 1.50163679]
GSM1688470,M,8,"['hsa-miR-507' 'hsa-miR-548d-5p' 'hsa-miR-1976' ... 'hsa-miR-1289'
 'hsa-miR-1288' 'hsa-miR-105']",[1.76084638 2.35392126 2.23816294 ... 1.19350666 3.935522   1.23653702]
GSM1688471,N,1,"['hsa-miR-507' 'hsa-miR-548d-5p' 'hsa-miR-1976' ... 'hsa-miR-1289'
 'hsa-miR-1288' 'hsa-miR-105']",[1.19075681 2.22392031 2.39301935 ... 1.50290198 2.53491992 1.42330463]
GSM1688472,N,2,"['hsa-miR-507' 'hsa-miR-548d-5p' 'hsa-miR-1976' ... 'hsa-miR-1289'
 'hsa-miR-1288' 'hsa-miR-105']",[1.64668802 2.19882081 2.4650291  ... 1.46856595 3.00349346 1.57931089]
GSM1688473,N,3,"['hsa-miR-507' 'hsa-miR-548d-5p' 'hsa-miR-1976' ... 'hsa-miR-1289'
 'hsa-miR-1288' 'hsa-miR-105']",[1.18036288 1.95603087 2.43862243 ... 1.1755623  2.84420209 1.19938755]
GSM1688474,N,4,"['hsa-miR-507' 'hsa-miR-548d-5p' 'hsa-miR-1976' ... 'hsa-miR-1289'
 'hsa-miR-1288' 'hsa-miR-105']",[1.47726502 2.05941966 2.76740204 ... 1.10565962 2.04785833 1.52953419]
GSM1688475,N,5,"['hsa-miR-507' 'hsa-miR-548d-5p' 'hsa-miR-1976' ... 'hsa-miR-1289'
 'hsa-miR-1288' 'hsa-miR-105']",[1.68687697 3.06179406 3.39902403 ... 1.55290295 2.21987022 1.71128372]
GSM1688476,N,6,"['hsa-miR-507' 'hsa-miR-548d-5p' 'hsa-miR-1976' ... 'hsa-miR-1289'
 'hsa-miR-1288' 'hsa-miR-105']",[1.83473557 2.37457109 2.54513784 ... 1.16484496 2.59681107 1.54168175]
GSM1688477,N,7,"['hsa-miR-507' 'hsa-miR-548d-5p' 'hsa-miR-1976' ... 'hsa-miR-1289'
 'hsa-miR-1288' 'hsa-miR-105']",[1.65925772 2.05342802 2.47165253 ... 1.34970583 3.01128097 1.37164748]
GSM1688478,N,8,"['hsa-miR-507' 'hsa-miR-548d-5p' 'hsa-miR-1976' ... 'hsa-miR-1289'
 'hsa-miR-1288' 'hsa-miR-105']",[1.80957261 2.13114501 2.41116516 ... 1.36764089 3.54989818 1.41437797]
GSM1688479,O,1,"['hsa-miR-507' 'hsa-miR-548d-5p' 'hsa-miR-1976' ... 'hsa-miR-1289'
 'hsa-miR-1288' 'hsa-miR-105']",[1.8356958  3.14692882 2.50620725 ... 1.35913814 3.04127739 1.36933332]
GSM1688480,O,2,"['hsa-miR-507' 'hsa-miR-548d-5p' 'hsa-miR-1976' ... 'hsa-miR-1289'
 'hsa-miR-1288' 'hsa-miR-105']",[1.45656762 2.59691183 1.72375958 ... 1.14756871 3.61294788 1.24643715]
GSM1688481,O,3,"['hsa-miR-507' 'hsa-miR-548d-5p' 'hsa-miR-1976' ... 'hsa-miR-1289'
 'hsa-miR-1288' 'hsa-miR-105']",[1.21279885 2.86951349 2.36605219 ... 1.26589846 2.78941645 1.59020846]
GSM1688482,O,4,"['hsa-miR-507' 'hsa-miR-548d-5p' 'hsa-miR-1976' ... 'hsa-miR-1289'
 'hsa-miR-1288' 'hsa-miR-105']",[1.82557634 2.4778436  2.04443746 ... 1.51963072 3.72106261 1.5537622 ]
GSM1688483,O,5,"['hsa-miR-507' 'hsa-miR-548d-5p' 'hsa-miR-1976' ... 'hsa-miR-1289'
 'hsa-miR-1288' 'hsa-miR-105']",[1.65406747 2.87521739 2.01480134 ... 1.12981506 3.24405432 1.1171533 ]
GSM1688484,O,6,"['hsa-miR-507' 'hsa-miR-548d-5p' 'hsa-miR-1976' ... 'hsa-miR-1289'
 'hsa-miR-1288' 'hsa-miR-105']",[1.5951447  2.75607068 2.12173998 ... 0.93738538 3.48688607 0.72760881]
GSM1688485,O,7,"['hsa-miR-507' 'hsa-miR-548d-5p' 'hsa-miR-1976' ... 'hsa-miR-1289'
 'hsa-miR-1288' 'hsa-miR-105']",[1.43112299 2.68956445 2.45694381 ... 0.74987565 3.03234255 1.06650951]
GSM1688486,O,8,"['hsa-miR-507' 'hsa-miR-548d-5p' 'hsa-miR-1976' ... 'hsa-miR-1289'
 'hsa-miR-1288' 'hsa-miR-105']",[1.63635464 2.47234923 2.39463704 ... 1.53205169 2.63919034 1.12135969]
GSM1688487,P,1,"['hsa-miR-507' 'hsa-miR-548d-5p' 'hsa-miR-1976' ... 'hsa-miR-1289'
 'hsa-miR-1288' 'hsa-miR-105']",[1.64802554 2.96562618 2.2539738  ... 1.62948859 2.97914486 1.32502443]
GSM1688488,P,2,"['hsa-miR-507' 'hsa-miR-548d-5p' 'hsa-miR-1976' ... 'hsa-miR-1289'
 'hsa-miR-1288' 'hsa-miR-105']",[1.76971839 2.82354322 2.314883   ... 1.54224755 2.61243948 1.59605144]
GSM1688489,P,3,"['hsa-miR-507' 'hsa-miR-548d-5p' 'hsa-miR-1976' ... 'hsa-miR-1289'
 'hsa-miR-1288' 'hsa-miR-105']",[1.6348887  2.56647981 2.9145596  ... 1.2331395  2.69160209 1.67427963]
GSM1688490,P,4,"['hsa-miR-507' 'hsa-miR-548d-5p' 'hsa-miR-1976' ... 'hsa-miR-1289'
 'hsa-miR-1288' 'hsa-miR-105']",[1.67814825 2.37983603 2.23413951 ... 1.38277602 2.87519095 1.35643327]
GSM1688491,P,5,"['hsa-miR-507' 'hsa-miR-548d-5p' 'hsa-miR-1976' ... 'hsa-miR-1289'
 'hsa-miR-1288' 'hsa-miR-105']",[1.58859477 2.62676684 3.31911074 ... 1.60219118 1.70492248 1.80378978]
GSM1688492,P,6,"['hsa-miR-507' 'hsa-miR-548d-5p' 'hsa-miR-1976' ... 'hsa-miR-1289'
 'hsa-miR-1288' 'hsa-miR-105']",[1.67031691 2.081621   2.15706091 ... 1.21063637 2.45457138 0.72234862]
GSM1688493,P,7,"['hsa-miR-507' 'hsa-miR-548d-5p' 'hsa-miR-1976' ... 'hsa-miR-1289'
 'hsa-miR-1288' 'hsa-miR-105']",[1.07775707 2.03878078 2.43693452 ... 1.49712749 3.01758222 1.23412496]
GSM1688494,P,8,"['hsa-miR-507' 'hsa-miR-548d-5p' 'hsa-miR-1976' ... 'hsa-miR-1289'
 'hsa-miR-1288' 'hsa-miR-105']",[1.70374734 2.13752191 2.29940158 ... 1.09504385 2.79972963 1.3344808 ]
GSM1688495,Q,1,"['hsa-miR-507' 'hsa-miR-548d-5p' 'hsa-miR-1976' ... 'hsa-miR-1289'
 'hsa-miR-1288' 'hsa-miR-105']",[1.66116978 2.3116737  2.55250088 ... 1.46259001 3.28503562 1.44669571]
GSM1688496,Q,2,"['hsa-miR-507' 'hsa-miR-548d-5p' 'hsa-miR-1976' ... 'hsa-miR-1289'
 'hsa-miR-1288' 'hsa-miR-105']",[1.35643066 2.47552557 2.07105782 ... 1.39726788 3.73780381 1.17284017]
GSM1688497,Q,3,"['hsa-miR-507' 'hsa-miR-548d-5p' 'hsa-miR-1976' ... 'hsa-miR-1289'
 'hsa-miR-1288' 'hsa-miR-105']",[1.76686522 2.3116737  2.05364773 ... 1.4058451  2.74589063 1.26668049]
GSM1688498,Q,4,"['hsa-miR-507' 'hsa-miR-548d-5p' 'hsa-miR-1976' ... 'hsa-miR-1289'
 'hsa-miR-1288' 'hsa-miR-105']",[1.57250885 2.17512455 2.26311039 ... 1.25564432 3.38989342 1.30959913]
GSM1688499,Q,5,"['hsa-miR-507' 'hsa-miR-548d-5p' 'hsa-miR-1976' ... 'hsa-miR-1289'
 'hsa-miR-1288' 'hsa-miR-105']",[1.59411401 2.68018504 2.35833984 ... 1.48416876 3.10480702 1.33155122]
GSM1688500,Q,6,"['hsa-miR-507' 'hsa-miR-548d-5p' 'hsa-miR-1976' ... 'hsa-miR-1289'
 'hsa-miR-1288' 'hsa-miR-105']",[1.35867754 2.15805061 2.10215896 ... 0.8424259  2.52200408 1.18962937]
GSM1688501,Q,7,"['hsa-miR-507' 'hsa-miR-548d-5p' 'hsa-miR-1976' ... 'hsa-miR-1289'
 'hsa-miR-1288' 'hsa-miR-105']",[1.56994614 2.20113918 1.89068466 ... 1.17625551 3.26910444 1.41190627]
GSM1688502,Q,8,"['hsa-miR-507' 'hsa-miR-548d-5p' 'hsa-miR-1976' ... 'hsa-miR-1289'
 'hsa-miR-1288' 'hsa-miR-105']",[1.83035302 2.33716343 2.02039862 ... 1.16008491 2.51790918 1.46080885]
GSM1688503,R,1,"['hsa-miR-507' 'hsa-miR-548d-5p' 'hsa-miR-1976' ... 'hsa-miR-1289'
 'hsa-miR-1288' 'hsa-miR-105']",[1.67406799 2.26304136 2.01305106 ... 1.2645845  3.3718821  1.37716691]
GSM1688504,R,2,"['hsa-miR-507' 'hsa-miR-548d-5p' 'hsa-miR-1976' ... 'hsa-miR-1289'
 'hsa-miR-1288' 'hsa-miR-105']",[1.34924915 2.32149705 2.12613134 ... 1.47034924 3.17212812 1.23447239]
GSM1688505,R,3,"['hsa-miR-507' 'hsa-miR-548d-5p' 'hsa-miR-1976' ... 'hsa-miR-1289'
 'hsa-miR-1288' 'hsa-miR-105']",[1.4353359  2.31490243 2.02175258 ... 0.99452469 3.32293964 1.03147576]
GSM1688506,R,4,"['hsa-miR-507' 'hsa-miR-548d-5p' 'hsa-miR-1976' ... 'hsa-miR-1289'
 'hsa-miR-1288' 'hsa-miR-105']",[1.96575692 2.6692771  2.46057325 ... 1.38944294 3.13165885 1.57231343]
GSM1688507,R,5,"['hsa-miR-507' 'hsa-miR-548d-5p' 'hsa-miR-1976' ... 'hsa-miR-1289'
 'hsa-miR-1288' 'hsa-miR-105']",[1.9390802  2.73169507 2.24946902 ... 1.52078803 3.08235679 1.04809198]
GSM1688508,R,6,"['hsa-miR-507' 'hsa-miR-548d-5p' 'hsa-miR-1976' ... 'hsa-miR-1289'
 'hsa-miR-1288' 'hsa-miR-105']",[1.76220314 2.53507855 2.19270247 ... 1.21254234 3.24738056 1.16448359]
GSM1688509,R,7,"['hsa-miR-507' 'hsa-miR-548d-5p' 'hsa-miR-1976' ... 'hsa-miR-1289'
 'hsa-miR-1288' 'hsa-miR-105']",[1.751362   2.48295445 3.03669013 ... 1.43042343 2.00164595 1.55030771]
GSM1688510,R,8,"['hsa-miR-507' 'hsa-miR-548d-5p' 'hsa-miR-1976' ... 'hsa-miR-1289'
 'hsa-miR-1288' 'hsa-miR-105']",[1.34548489 2.45662167 1.95434515 ... 1.21447975 2.71678307 1.11315839]
GSM1688511,S,1,"['hsa-miR-507' 'hsa-miR-548d-5p' 'hsa-miR-1976' ... 'hsa-miR-1289'
 'hsa-miR-1288' 'hsa-miR-105']",[1.66636738 2.50443862 2.43627035 ... 1.60129587 2.61374401 0.78331321]
GSM1688512,S,2,"['hsa-miR-507' 'hsa-miR-548d-5p' 'hsa-miR-1976' ... 'hsa-miR-1289'
 'hsa-miR-1288' 'hsa-miR-105']",[1.41520573 2.26209012 2.15509015 ... 1.3496099  3.19397294 1.45407595]
GSM1688513,S,3,"['hsa-miR-507' 'hsa-miR-548d-5p' 'hsa-miR-1976' ... 'hsa-miR-1289'
 'hsa-miR-1288' 'hsa-miR-105']",[1.04728952 2.0266249  2.02407197 ... 0.89167479 2.46412403 1.36963897]
GSM1688514,S,4,"['hsa-miR-507' 'hsa-miR-548d-5p' 'hsa-miR-1976' ... 'hsa-miR-1289'
 'hsa-miR-1288' 'hsa-miR-105']",[1.59512114 2.11002713 2.2051604  ... 0.82500748 2.73659947 1.05079663]
GSM1688515,S,5,"['hsa-miR-507' 'hsa-miR-548d-5p' 'hsa-miR-1976' ... 'hsa-miR-1289'
 'hsa-miR-1288' 'hsa-miR-105']",[1.41125477 2.1659587  2.03272388 ... 1.26738153 2.56195854 1.66617457]
GSM1688516,S,6,"['hsa-miR-507' 'hsa-miR-548d-5p' 'hsa-miR-1976' ... 'hsa-miR-1289'
 'hsa-miR-1288' 'hsa-miR-105']",[1.49452444 2.40004194 2.07632864 ... 1.31927128 2.75447584 1.60388313]
GSM1688517,S,7,"['hsa-miR-507' 'hsa-miR-548d-5p' 'hsa-miR-1976' ... 'hsa-miR-1289'
 'hsa-miR-1288' 'hsa-miR-105']",[1.32959978 2.1659587  2.51716368 ... 0.98295359 3.04740445 1.46642047]
GSM1688518,T,1,"['hsa-miR-507' 'hsa-miR-548d-5p' 'hsa-miR-1976' ... 'hsa-miR-1289'
 'hsa-miR-1288' 'hsa-miR-105']",[1.44702623 2.62248713 2.57579178 ... 1.12067736 2.664231   1.58566567]
GSM1688519,T,2,"['hsa-miR-507' 'hsa-miR-548d-5p' 'hsa-miR-1976' ... 'hsa-miR-1289'
 'hsa-miR-1288' 'hsa-miR-105']",[1.40793321 2.06954327 1.91694747 ... 1.0896529  2.67586125 0.97873709]
GSM1688520,T,3,"['hsa-miR-507' 'hsa-miR-548d-5p' 'hsa-miR-1976' ... 'hsa-miR-1289'
 'hsa-miR-1288' 'hsa-miR-105']",[1.82316943 2.61867788 2.56603497 ... 1.37471314 2.82623612 1.6588829 ]
GSM1688521,T,4,"['hsa-miR-507' 'hsa-miR-548d-5p' 'hsa-miR-1976' ... 'hsa-miR-1289'
 'hsa-miR-1288' 'hsa-miR-105']",[1.64508062 2.33990323 2.32325266 ... 1.00519043 3.28442593 1.17904355]
GSM1688522,T,5,"['hsa-miR-507' 'hsa-miR-548d-5p' 'hsa-miR-1976' ... 'hsa-miR-1289'
 'hsa-miR-1288' 'hsa-miR-105']",[1.77592219 3.16679971 3.33791946 ... 1.62693785 1.94622805 1.72843182]
GSM1688523,T,6,"['hsa-miR-507' 'hsa-miR-548d-5p' 'hsa-miR-1976' ... 'hsa-miR-1289'
 'hsa-miR-1288' 'hsa-miR-105']",[1.43062073 2.46762738 1.99962478 ... 1.1633813  2.90850809 1.31880652]
GSM1688524,T,7,"['hsa-miR-507' 'hsa-miR-548d-5p' 'hsa-miR-1976' ... 'hsa-miR-1289'
 'hsa-miR-1288' 'hsa-miR-105']",[1.45839956 2.33990323 2.30232357 ... 1.43029761 2.91727622 1.5013745 ]
GSM1688525,T,8,"['hsa-miR-507' 'hsa-miR-548d-5p' 'hsa-miR-1976' ... 'hsa-miR-1289'
 'hsa-miR-1288' 'hsa-miR-105']",[1.58801081 2.06064329 3.30439549 ... 1.48749646 3.55385011 1.82811876]
GSM1688526,U,1,"['hsa-miR-507' 'hsa-miR-548d-5p' 'hsa-miR-1976' ... 'hsa-miR-1289'
 'hsa-miR-1288' 'hsa-miR-105']",[1.44149427 2.12975509 2.48320191 ... 1.11915314 3.35674031 1.28092585]
GSM1688527,U,2,"['hsa-miR-507' 'hsa-miR-548d-5p' 'hsa-miR-1976' ... 'hsa-miR-1289'
 'hsa-miR-1288' 'hsa-miR-105']",[1.46974044 2.12490711 1.96379976 ... 1.22274995 3.30834451 1.31756383]
GSM1688528,U,3,"['hsa-miR-507' 'hsa-miR-548d-5p' 'hsa-miR-1976' ... 'hsa-miR-1289'
 'hsa-miR-1288' 'hsa-miR-105']",[1.58516403 2.22558468 2.10757779 ... 1.61916789 3.19447911 1.2606692 ]
GSM1688529,U,4,"['hsa-miR-507' 'hsa-miR-548d-5p' 'hsa-miR-1976' ... 'hsa-miR-1289'
 'hsa-miR-1288' 'hsa-miR-105']",[1.94448749 2.66406243 2.62049586 ... 1.58862432 3.02889639 1.3829723 ]
GSM1688530,U,5,"['hsa-miR-507' 'hsa-miR-548d-5p' 'hsa-miR-1976' ... 'hsa-miR-1289'
 'hsa-miR-1288' 'hsa-miR-105']",[1.47349138 2.52357705 2.78630219 ... 1.51596935 2.85111666 1.54386566]
GSM1688531,U,6,"['hsa-miR-507' 'hsa-miR-548d-5p' 'hsa-miR-1976' ... 'hsa-miR-1289'
 'hsa-miR-1288' 'hsa-miR-105']",[1.5943421  2.34371543 2.46200851 ... 1.3914198  2.94200473 1.28387368]
GSM1688532,U,7,"['hsa-miR-507' 'hsa-miR-548d-5p' 'hsa-miR-1976' ... 'hsa-miR-1289'
 'hsa-miR-1288' 'hsa-miR-105']",[1.3347965  2.14302998 2.23392406 ... 1.22053439 2.64048977 1.49633893]
GSM1688533,U,8,"['hsa-miR-507' 'hsa-miR-548d-5p' 'hsa-miR-1976' ... 'hsa-miR-1289'
 'hsa-miR-1288' 'hsa-miR-105']",[1.65035795 2.28203054 2.30720948 ... 1.2979678  2.54558313 1.3140584 ]
GSM1688534,V,1,"['hsa-miR-507' 'hsa-miR-548d-5p' 'hsa-miR-1976' ... 'hsa-miR-1289'
 'hsa-miR-1288' 'hsa-miR-105']",[1.52249245 2.28203953 2.09292685 ... 0.86949865 2.59901922 0.98683563]
GSM1688535,V,2,"['hsa-miR-507' 'hsa-miR-548d-5p' 'hsa-miR-1976' ... 'hsa-miR-1289'
 'hsa-miR-1288' 'hsa-miR-105']",[2.21562019 3.29919212 3.83056121 ... 1.48484858 1.92636121 1.96103495]
GSM1688536,V,3,"['hsa-miR-507' 'hsa-miR-548d-5p' 'hsa-miR-1976' ... 'hsa-miR-1289'
 'hsa-miR-1288' 'hsa-miR-105']",[1.52424243 2.13117445 2.19399042 ... 1.31201607 2.89373675 1.07995738]
GSM1688537,V,4,"['hsa-miR-507' 'hsa-miR-548d-5p' 'hsa-miR-1976' ... 'hsa-miR-1289'
 'hsa-miR-1288' 'hsa-miR-105']",[1.64974597 2.1916542  2.42356096 ... 1.00856264 2.58367476 1.15620486]
GSM1688538,V,5,"['hsa-miR-507' 'hsa-miR-548d-5p' 'hsa-miR-1976' ... 'hsa-miR-1289'
 'hsa-miR-1288' 'hsa-miR-105']",[1.40216448 2.23134599 2.26350401 ... 1.35201097 2.92352018 1.31301602]
GSM1688539,V,6,"['hsa-miR-507' 'hsa-miR-548d-5p' 'hsa-miR-1976' ... 'hsa-miR-1289'
 'hsa-miR-1288' 'hsa-miR-105']",[2.06714275 2.6058076  2.3493297  ... 1.48484858 3.03759449 1.28251831]
GSM1688540,V,7,"['hsa-miR-507' 'hsa-miR-548d-5p' 'hsa-miR-1976' ... 'hsa-miR-1289'
 'hsa-miR-1288' 'hsa-miR-105']",[1.68294038 2.08284173 2.15435482 ... 1.48308233 3.4716725  1.2071692 ]
GSM1688541,V,8,"['hsa-miR-507' 'hsa-miR-548d-5p' 'hsa-miR-1976' ... 'hsa-miR-1289'
 'hsa-miR-1288' 'hsa-miR-105']",[1.74573621 2.18662632 2.15946889 ... 1.33527003 3.22434321 1.16331363]
GSM1688542,W,1,"['hsa-miR-507' 'hsa-miR-548d-5p' 'hsa-miR-1976' ... 'hsa-miR-1289'
 'hsa-miR-1288' 'hsa-miR-105']",[1.05016105 2.30500098 2.59980395 ... 1.45879264 1.9956835  1.30069405]
GSM1688543,W,2,"['hsa-miR-507' 'hsa-miR-548d-5p' 'hsa-miR-1976' ... 'hsa-miR-1289'
 'hsa-miR-1288' 'hsa-miR-105']",[1.5649112  2.10744642 2.33541434 ... 1.15234912 2.99504302 1.34319882]
GSM1688544,W,3,"['hsa-miR-507' 'hsa-miR-548d-5p' 'hsa-miR-1976' ... 'hsa-miR-1289'
 'hsa-miR-1288' 'hsa-miR-105']",[1.76810074 2.11352946 2.37410973 ... 1.18881845 3.04943723 1.36600958]
GSM1688545,W,4,"['hsa-miR-507' 'hsa-miR-548d-5p' 'hsa-miR-1976' ... 'hsa-miR-1289'
 'hsa-miR-1288' 'hsa-miR-105']",[1.50683483 2.02753    1.92687077 ... 0.8908712  3.0070293  1.02127458]
GSM1688546,W,5,"['hsa-miR-507' 'hsa-miR-548d-5p' 'hsa-miR-1976' ... 'hsa-miR-1289'
 'hsa-miR-1288' 'hsa-miR-105']",[1.76810074 2.70334145 2.26071688 ... 1.16026102 3.51793756 1.05310712]
GSM1688547,W,6,"['hsa-miR-507' 'hsa-miR-548d-5p' 'hsa-miR-1976' ... 'hsa-miR-1289'
 'hsa-miR-1288' 'hsa-miR-105']",[1.54724909 2.43274678 2.20378684 ... 1.31110781 3.10840947 1.42478756]
GSM1688548,W,7,"['hsa-miR-507' 'hsa-miR-548d-5p' 'hsa-miR-1976' ... 'hsa-miR-1289'
 'hsa-miR-1288' 'hsa-miR-105']",[1.59887813 2.10551203 2.29205095 ... 1.41153534 3.14865121 1.62746581]
GSM1688549,W,8,"['hsa-miR-507' 'hsa-miR-548d-5p' 'hsa-miR-1976' ... 'hsa-miR-1289'
 'hsa-miR-1288' 'hsa-miR-105']",[1.57364968 2.77155041 2.82300651 ... 1.63795477 3.43611955 1.48574558]
GSM1688550,X,1,"['hsa-miR-507' 'hsa-miR-548d-5p' 'hsa-miR-1976' ... 'hsa-miR-1289'
 'hsa-miR-1288' 'hsa-miR-105']",[1.88210576 2.23292646 2.49842118 ... 1.76680542 2.98777074 0.72541805]
GSM1688551,X,2,"['hsa-miR-507' 'hsa-miR-548d-5p' 'hsa-miR-1976' ... 'hsa-miR-1289'
 'hsa-miR-1288' 'hsa-miR-105']",[1.98195256 2.04822324 2.56453054 ... 1.55180935 2.92094009 0.73406652]
GSM1688552,X,3,"['hsa-miR-507' 'hsa-miR-548d-5p' 'hsa-miR-1976' ... 'hsa-miR-1289'
 'hsa-miR-1288' 'hsa-miR-105']",[1.52790899 2.11204043 2.60323146 ... 1.46015587 1.97068445 1.10514484]
GSM1688553,X,4,"['hsa-miR-507' 'hsa-miR-548d-5p' 'hsa-miR-1976' ... 'hsa-miR-1289'
 'hsa-miR-1288' 'hsa-miR-105']",[2.37161031 2.58905855 3.56716478 ... 1.6530474  2.51675694 0.85402548]
GSM1688554,X,5,"['hsa-miR-507' 'hsa-miR-548d-5p' 'hsa-miR-1976' ... 'hsa-miR-1289'
 'hsa-miR-1288' 'hsa-miR-105']",[1.57914868 2.83278007 3.07576769 ... 1.62267546 3.47842756 1.41239053]
GSM1688555,X,6,"['hsa-miR-507' 'hsa-miR-548d-5p' 'hsa-miR-1976' ... 'hsa-miR-1289'
 'hsa-miR-1288' 'hsa-miR-105']",[1.97205378 2.48575451 2.67058368 ... 1.76680542 2.40891928 1.03602578]
GSM1688556,X,7,"['hsa-miR-507' 'hsa-miR-548d-5p' 'hsa-miR-1976' ... 'hsa-miR-1289'
 'hsa-miR-1288' 'hsa-miR-105']",[1.71975827 2.46468161 3.03453535 ... 1.31457126 2.62431127 1.47948747]
GSM1688557,Y,1,"['hsa-miR-507' 'hsa-miR-548d-5p' 'hsa-miR-1976' ... 'hsa-miR-1289'
 'hsa-miR-1288' 'hsa-miR-105']",[1.70198287 2.15823198 2.16943736 ... 1.35196137 3.41661146 1.29538827]
GSM1688558,Y,2,"['hsa-miR-507' 'hsa-miR-548d-5p' 'hsa-miR-1976' ... 'hsa-miR-1289'
 'hsa-miR-1288' 'hsa-miR-105']",[1.75645211 2.19305865 2.05738803 ... 1.50228427 2.68156446 1.16133403]
GSM1688559,Y,3,"['hsa-miR-507' 'hsa-miR-548d-5p' 'hsa-miR-1976' ... 'hsa-miR-1289'
 'hsa-miR-1288' 'hsa-miR-105']",[1.90041295 3.06097962 3.06002595 ... 1.58397257 2.52410103 1.41170257]
GSM1688560,Y,4,"['hsa-miR-507' 'hsa-miR-548d-5p' 'hsa-miR-1976' ... 'hsa-miR-1289'
 'hsa-miR-1288' 'hsa-miR-105']",[2.05175399 2.46696114 3.40865196 ... 1.52412286 2.59087692 1.41170257]
GSM1688561,Y,5,"['hsa-miR-507' 'hsa-miR-548d-5p' 'hsa-miR-1976' ... 'hsa-miR-1289'
 'hsa-miR-1288' 'hsa-miR-105']",[1.77897429 2.41743954 2.63876534 ... 1.22520026 3.71589751 1.59420527]
GSM1688562,Y,6,"['hsa-miR-507' 'hsa-miR-548d-5p' 'hsa-miR-1976' ... 'hsa-miR-1289'
 'hsa-miR-1288' 'hsa-miR-105']",[1.83639153 2.47159669 2.76393733 ... 1.34196322 3.24117191 1.06249255]
GSM1688563,Y,7,"['hsa-miR-507' 'hsa-miR-548d-5p' 'hsa-miR-1976' ... 'hsa-miR-1289'
 'hsa-miR-1288' 'hsa-miR-105']",[1.69034622 2.1702198  2.18467129 ... 1.16243747 2.81008512 1.34509887]
GSM1688564,Y,8,"['hsa-miR-507' 'hsa-miR-548d-5p' 'hsa-miR-1976' ... 'hsa-miR-1289'
 'hsa-miR-1288' 'hsa-miR-105']",[1.75078144 2.38897089 2.45349196 ... 1.46722152 3.74126016 1.04442974]
GSM1688565,Z,1,"['hsa-miR-507' 'hsa-miR-548d-5p' 'hsa-miR-1976' ... 'hsa-miR-1289'
 'hsa-miR-1288' 'hsa-miR-105']",[1.72530576 2.09524632 2.47536374 ... 1.63946846 3.55913826 1.47256399]
GSM1688566,Z,2,"['hsa-miR-507' 'hsa-miR-548d-5p' 'hsa-miR-1976' ... 'hsa-miR-1289'
 'hsa-miR-1288' 'hsa-miR-105']",[1.67319336 2.04360163 2.22956715 ... 1.33639419 2.80557846 0.9007661 ]
GSM1688567,Z,3,"['hsa-miR-507' 'hsa-miR-548d-5p' 'hsa-miR-1976' ... 'hsa-miR-1289'
 'hsa-miR-1288' 'hsa-miR-105']",[1.59469932 2.61432133 2.9697984  ... 1.44480729 2.74994323 1.46357575]
GSM1688568,Z,4,"['hsa-miR-507' 'hsa-miR-548d-5p' 'hsa-miR-1976' ... 'hsa-miR-1289'
 'hsa-miR-1288' 'hsa-miR-105']",[1.81388454 2.16746751 2.6712033  ... 0.85961035 2.59744043 0.9161828 ]
GSM1688569,Z,5,"['hsa-miR-507' 'hsa-miR-548d-5p' 'hsa-miR-1976' ... 'hsa-miR-1289'
 'hsa-miR-1288' 'hsa-miR-105']",[1.56229292 2.66184855 2.5030086  ... 1.05802246 2.70222163 1.82096355]
GSM1688570,Z,6,"['hsa-miR-507' 'hsa-miR-548d-5p' 'hsa-miR-1976' ... 'hsa-miR-1289'
 'hsa-miR-1288' 'hsa-miR-105']",[1.80442049 2.03990974 2.33041754 ... 1.41148063 3.81852148 1.19880743]
